Product Name,Price,Rating
BAGSMART,27.99,4.6 out of 5 stars
BAGSMART,30.99,4.6 out of 5 stars
BAGSMART,19.99,4.7 out of 5 stars
BAGSMART,52.99,4.2 out of 5 stars
BAGSMART,12.99,4.2 out of 5 stars
BAGSMART,22.99,4.5 out of 5 stars
BAGSMART,16.99,4.6 out of 5 stars
BAGSMART,19.99,4.5 out of 5 stars
BAGSMART,21.99,4.6 out of 5 stars
BAGSMART,15.99,4.5 out of 5 stars
BAGSMART,24.99,4.7 out of 5 stars
BAGSMART,17.99,4.5 out of 5 stars
BAGSMART,9.99,4.6 out of 5 stars
BAGSMART,19.99,4.5 out of 5 stars
BAGSMART,14.99,4.7 out of 5 stars
BAGSMART,29.99,4.5 out of 5 stars
BAGSMART,25.26,4.5 out of 5 stars
BAGSMART,16.99,4.5 out of 5 stars
BAGSMART,14.99,4.4 out of 5 stars
BAGSMART,19.99,4.8 out of 5 stars
BAGSMART,N/A,4.5 out of 5 stars
BAGSMART,19.99,4.4 out of 5 stars
BAGSMART,11.98,4.7 out of 5 stars
BAGSMART,32.99,4.4 out of 5 stars
BAGSMART,24.99,4.5 out of 5 stars
BAGSMART,19.99,4.4 out of 5 stars
BAGSMART,35.49,4.5 out of 5 stars
BAGSMART,59.99,4.7 out of 5 stars
BAGSMART,19.99,4.2 out of 5 stars
BAGSMART,14.99,4.4 out of 5 stars
BAGSMART,24.99,4.7 out of 5 stars
BAGSMART,21.99,4.7 out of 5 stars
BAGSMART,12.99,4.6 out of 5 stars
BAGSMART,19.99,4.6 out of 5 stars
BAGSMART,16.99,4.3 out of 5 stars
BAGSMART,24.99,4.7 out of 5 stars
BAGSMART,9.99,4.4 out of 5 stars
BAGSMART,9.99,4.6 out of 5 stars
BAGSMART,14.99,4.6 out of 5 stars
BAGSMART,11.99,4.4 out of 5 stars
BAGSMART,26.99,4.6 out of 5 stars
BAGSMART,49.99,4.6 out of 5 stars
BAGSMART,19.99,4.6 out of 5 stars
BAGSMART,15.99,4.6 out of 5 stars
BAGSMART,49.99,4.2 out of 5 stars
BAGSMART,15.99,4.6 out of 5 stars
BAGSMART,20.99,4.7 out of 5 stars
BAGSMART,39.99,4.6 out of 5 stars
